airline_sentiment,airline,text
positive,Virgin America,@VirginAmerica What @dhepburn said.
positive,Virgin America,@VirginAmerica plus you've added commercials to the experience... tacky.
positive,Virgin America,@VirginAmerica I didn't today... Must mean I need to take another trip!
negative,Virgin America,"@VirginAmerica it's really aggressive to blast obnoxious ""entertainment"" in your guests' faces &amp; they have little recourse"
negative,Virgin America,@VirginAmerica and it's a really big bad thing about it
negative,Virgin America,"@VirginAmerica seriously would pay $30 a flight for seats that didn't have this playing.
it's really the only bad thing about flying VA"
positive,Virgin America,"@VirginAmerica it was amazing, and arrived an hour early. You're too good to me."
positive,Virgin America,@VirginAmerica did you know that suicide is the second leading cause of death among teens 10-24
positive,Virgin America,@VirginAmerica I &lt;3 pretty graphics. so much better than minimal iconography. :D
positive,Virgin America,@VirginAmerica This is such a great deal! Already thinking about my 2nd trip to @Australia &amp; I haven't even gone on my 1st trip yet! ;p
positive,Virgin America,@VirginAmerica Thanks!
negative,Virgin America,@VirginAmerica SFO-PDX schedule is still MIA.
positive,Virgin America,@VirginAmerica So excited for my first cross country flight LAX to MCO I've heard nothing but great things about Virgin America. #29DaysToGo
negative,Virgin America,@VirginAmerica  I flew from NYC to SFO last week and couldn't fully sit in my seat due to two large gentleman on either side of me. HELP!
positive,Virgin America,@VirginAmerica you know what would be amazingly awesome? BOS-FLL PLEASE!!!!!!! I want to fly with only you.
negative,Virgin America,@VirginAmerica why are your first fares in May over three times more than other carriers when all seats are available to select???
positive,Virgin America,@VirginAmerica I love the hipster innovation. You are a feel good brand.
positive,Virgin America,@VirginAmerica will you be making BOS&gt;LAS non stop permanently anytime soon?
negative,Virgin America,@VirginAmerica status match program.  I applied and it's been three weeks.  Called and emailed with no response.
negative,Virgin America,@VirginAmerica What happened 2 ur vegan food options?! At least say on ur site so i know I won't be able 2 eat anything for next 6 hrs #fail
positive,Virgin America,@VirginAmerica do you miss me? Don't worry we'll be together very soon.
negative,Virgin America,@VirginAmerica amazing to me that we can't get any cold air from the vents. #VX358 #noair #worstflightever #roasted #SFOtoBOS
positive,Virgin America,@VirginAmerica LAX to EWR - Middle seat on a red eye. Such a noob maneuver. #sendambien #andchexmix
negative,Virgin America,"@VirginAmerica hi! I just bked a cool birthday trip with you, but i can't add my elevate no. cause i entered my middle name during Flight Booking Problems üò¢"
positive,Virgin America,@VirginAmerica Are the hours of operation for the Club at SFO that are posted online current?
negative,Virgin America,"@VirginAmerica help, left expensive headphones on flight 89 IAD to LAX today. Seat 2A. No one answering L&amp;F number at LAX!"
negative,Virgin America,"@VirginAmerica awaiting my return phone call, just would prefer to use your online self-service option :("
positive,Virgin America,"@VirginAmerica @freddieawards Done and done! Best airline around, hands down!"
positive,Virgin America,@VirginAmerica when can I book my flight to Hawaii??
negative,Virgin America,"@VirginAmerica Hey, first time flyer next week - excited! But I'm having a hard time getting my flights added to my Elevate account. Help?"
positive,Virgin America,@VirginAmerica I have an unused ticket but moved to a new city where you don't fly. How can I fly with you before it expires? #travelhelp
positive,Virgin America,@VirginAmerica are flights leaving Dallas for Seattle on time Feb 24?
positive,Virgin America,@VirginAmerica I'm #elevategold for a good reason: you rock!!
positive,Virgin America,@VirginAmerica wow this just blew my mind
positive,Virgin America,@VirginAmerica @ladygaga @carrieunderwood After last night #tribute #SoundOfMusic #Oscars2015 @ladygaga! I think @carrieunderwood agree
positive,Virgin America,@VirginAmerica @ladygaga @carrieunderwood All were entertaining
positive,Virgin America,"@VirginAmerica Is flight 769 on it's way? Was supposed to take off 30 minutes ago. Website still shows ""On Time"" not ""In Flight"". Thanks."
positive,Virgin America,@VirginAmerica @ladygaga @carrieunderwood Julie Andrews all the way though @ladygaga was very impressive! NO to @Carrieunderwood
positive,Virgin America,@VirginAmerica wish you flew out of Atlanta... Soon?
positive,Virgin America,@VirginAmerica @ladygaga @carrieunderwood Julie Andrews. Hands down.
positive,Virgin America,@VirginAmerica Will flights be leaving Dallas for LA on February 24th?
negative,Virgin America,@VirginAmerica hi! i'm so excited about your $99 LGA-&gt;DAL deal- but i've been trying 2 book since last week &amp; the page never loads. thx!
positive,Virgin America,@VirginAmerica you know it. Need it on my spotify stat #guiltypleasures
positive,Virgin America,@VirginAmerica @ladygaga @carrieunderwood - Carrie!
positive,Virgin America,@VirginAmerica New marketing song? https://t.co/F2LFULCbQ7 let us know what you think?
positive,Virgin America,@VirginAmerica @ladygaga @carrieunderwood Julie Andrews first but Lady Gaga wow'd me last night. Carrie? Meh.
negative,Virgin America,@VirginAmerica I called a 3-4 weeks ago about adding 3 flights from 2014 to my Elevate...they still haven't shown up...help!
positive,Virgin America,"@VirginAmerica @ladygaga @carrieunderwood all are great , but I have to go with #CarrieUnderwood üòçüëå"
positive,Virgin America,"@VirginAmerica @LadyGaga @CarrieUnderwood Sorry, Mary Martin had it first!"
positive,Virgin America,@VirginAmerica @ladygaga @carrieunderwood  love all three but you really can't beat the classics!
positive,Virgin America,@VirginAmerica Flight 0736 DAL to DCA 2/24 2:10pm. Tried to check in could not. Status please.
negative,Virgin America,@VirginAmerica heyyyy guyyyys.. been trying to get through for an hour. can someone call me please? :/
negative,Virgin America,"@VirginAmerica Hi, Virgin! I'm on hold for 40-50 minutes -- are there any earlier flights from LA to NYC tonight; earlier than 11:50pm?"
positive,Virgin America,@VirginAmerica Congrats on winning the @Travelzoo award for Best Deals from an Airline (US) http://t.co/kj1iljaebV
negative,Virgin America,@VirginAmerica everything was fine until you lost my bag
positive,Virgin America,@virginamerica Need to change reservation. Have Virgin credit card. Do I need to modify on phone to waive change fee? Or can I do online?
positive,Virgin America,@VirginAmerica I emailed your customer service team. Let me know if you need the tracking number.
positive,Virgin America,"@VirginAmerica hi I just booked a flight but need to add baggage, how can I do this?"
negative,Virgin America,@VirginAmerica your airline is awesome but your lax loft needs to step up its game. $40 for dirty tables and floors? http://t.co/hy0VrfhjHt
positive,Virgin America,"@VirginAmerica not worried, it's been a great ride in a new plane with great crew. All airlines should be like this."
positive,Virgin America,@VirginAmerica awesome. I flew yall Sat morning. Any way we can correct my bill ?
positive,Virgin America,"@VirginAmerica Or watch some of the best student films in the country at 35,000 feet! #CMFat35000feet http://t.co/KEK5pDMGiF"
positive,Virgin America,@VirginAmerica first time flying you all. do you have a different rate/policy for media Bags? Thanks
negative,Virgin America,@VirginAmerica what is going on with customer service? Is there anyway to speak to a human asap? Thank you.
positive,Virgin America,@VirginAmerica what happened to Doom?!
negative,Virgin America,@VirginAmerica why can't you supp the biz traveler like @SouthwestAir  and have customer service like @JetBlue #neverflyvirginforbusiness
positive,Virgin America,@VirginAmerica I've applied more then once to be a member of the #inflight crew team...Im 100% interested. #flightattendant #dreampath -G
negative,Virgin America,@VirginAmerica you're the best!! Whenever I (begrudgingly) use any other airline I'm delayed and Late Flight :(
negative,Virgin America,@VirginAmerica I have no interesting flying with you after this. I will Cancelled Flight my next four flights I planned.#neverflyvirginforbusiness
negative,Virgin America,@VirginAmerica it was a disappointing experience which will be shared with every business traveler I meet. #neverflyvirgin
negative,Virgin America,@VirginAmerica I‚Äôm having trouble adding this flight my wife booked to my Elevate account. Help? http://t.co/pX8hQOKS3R
positive,Virgin America,@VirginAmerica Can't bring up my reservation online using Flight Booking Problems code
positive,Virgin America,@VirginAmerica Random Q: what's the distribution of elevate avatars? I bet that kitty has a disproportionate share http://t.co/APtZpuROp4
positive,Virgin America,@VirginAmerica I &lt;3 Flying VA But Life happens and I am trying to #change my trip JPERHI  Can you help.VA home page will not let me ?
negative,Virgin America,@VirginAmerica Why is the site down?  When will it be back up?
positive,Virgin America,"@VirginAmerica ""You down with RNP?"" ""Yeah you know me!"""
positive,Virgin America,"@VirginAmerica hi, i did not get points on my elevate account for my most recent flight, how do i add the flight and points to my account?"
negative,Virgin America,@VirginAmerica I like the TV and interesting video . Just disappointed in Cancelled Flightled flight when other flights went out to jfk on Saturday .
negative,Virgin America,"@VirginAmerica just landed in LAX, an hour after I should of been here. Your no Late Flight bag check is not business travel friendly #nomorevirgin"
positive,Virgin America,@VirginAmerica why is flight 345 redirected?
negative,Virgin America,"@VirginAmerica Is it me, or is your website down?  BTW, your new website isn't a great user experience.  Time for another redesign."
negative,Virgin America,@VirginAmerica I can't check in or add a bag. Your website isn't working. I've tried both desktop and mobile http://t.co/AvyqdMpi1Y
negative,Virgin America,@VirginAmerica - Let 2 scanned in passengers leave the plane than told someone to remove their bag from 1st class bin? #uncomfortable
negative,Virgin America,@virginamerica What is your phone number. I can't find who to call about a flight reservation.
negative,Virgin America,@VirginAmerica is anyone doing anything there today?  Website is useless and no one is answering the phone.
positive,Virgin America,@VirginAmerica trying to add my boy Prince to my ressie. SF this Thursday @VirginAmerica from LAX http://t.co/GsB2J3c4gM
negative,Virgin America,@VirginAmerica why must a traveler miss a flight to Late Flight check a bag?  I missed my morning appointments and you lost my business. #sfo2lax
positive,Virgin America,@VirginAmerica check out new music http://t.co/maRcnOCWzn
negative,Virgin America,@virginamerica how's a direct flight FLL-&gt;SFO have unexpected layover in Vegas 4 fuel yet peeps next to me bought for Vegas flight. #sneaky
negative,Virgin America,@VirginAmerica your no Late Flight bag check just lost you my business. I missed flight and AM apt. Three other people on flight had same exp.
positive,Virgin America,"@VirginAmerica - amazing customer  service, again! üíïüíï RaeAnn in SF - she's the best! #customerservice #virginamerica #flying"
negative,Virgin America,@VirginAmerica called your service line and was hung up on. This is awesome. #sarcasm
negative,Virgin America,@VirginAmerica your site is tripping. I'm trying to check in and I'm getting the plain text version. I am reluctant to enter any card info.
positive,Virgin America,@VirginAmerica I was scheduled for SFO 2 DAL flight 714 today. Changed to 24th due weather. Looks like flight still on?
positive,Virgin America,"@VirginAmerica has getaway deals through May, from $59 one-way. Lots of cool cities http://t.co/tZZJhuIbCH #CheapFlights #FareCompare"
positive,Virgin America,"@VirginAmerica has getaway deals through May, from $59 one-way. Lots of cool cities http://t.co/RPdBpX3wNd #CheapFlights #FareCompare"
positive,Virgin America,"@VirginAmerica has getaway deals through May, from $59 one-way. Lots of cool cities http://t.co/B2Xi4YG5T8 #CheapFlights #FareCompare"
positive,Virgin America,"@VirginAmerica has getaway deals through May, from $59 one-way. Lots of cool cities http://t.co/QDlJHslOI5 #CheapFlights #FareCompare"
positive,Virgin America,@VirginAmerica Have a great week üåû‚úà
positive,Virgin America,@VirginAmerica come back to #PHL already. We need you to take us out of this horrible cold. #pleasecomeback http://t.co/gLXFwP6nQH
negative,Virgin America,"@VirginAmerica should I be concerned that I am about to fly on a plane that needs to be delayed due to a ""tech stop""?"
positive,Virgin America,"@VirginAmerica is the best airline I have flown on.Easy to change your reservation,helpful representatives &amp; a comfortable flying experience"
positive,Virgin America,@VirginAmerica and again! Another rep kicked butt! Naelah represents your team so beautifully!! Thank you!!!
positive,Virgin America,@VirginAmerica your beautiful front-end design is down right now; but it was cool to still book my ticket b/c all your back-end was secure.
positive,Virgin America,"@VirginAmerica Love the team running Gate E9 at LAS tonight. Waited for a delayed flight, and they kept things entertaining"
negative,Virgin America,@VirginAmerica Use another browser! 2015 &amp; a brand with a reputation built on tech response doesn't have a cross-browser compatible website?
negative,Virgin America,"@VirginAmerica And now the flight Flight Booking Problems site is totally down. Folks, what is the problem?"
negative,Virgin America,@VirginAmerica I like the customer service but a 40 min delay just for connecting passengers seems too long. VA370
positive,Virgin America,@VirginAmerica thanks to your outstanding NYC-JFK crew who moved mountains to get me home to San Francisco tonight!
positive,Virgin America,@VirginAmerica you have the absolute best team and customer service ever.  Every time I fly with you I'm delighted.  Thank you!
positive,Virgin America,"@VirginAmerica Do you provide complimentary upgrades to first class, if there are available seats?"
negative,Virgin America,@VirginAmerica i need to change my flight thats scheduled in 9 hours and 120 min wait time on phone. Im calling intern. Help!!
positive,Virgin America,@VirginAmerica completely awesome experience last month BOS-LAS nonstop. Thanks for such an awesome flight and depart time. #VAbeatsJblue
positive,Virgin America,@VirginAmerica How can I watch the #Oscars2015 on my JFK-&gt;SFO flight?
positive,Virgin America,@VirginAmerica is flight 882 Cancelled Flightled and what do I do if it is?
negative,Virgin America,@VirginAmerica you are failing your customers because your check in process does not link to TSA pre-check.
negative,Virgin America,@VirginAmerica @FiDiFamilies us too! Terrible airline! Just gave us a hotel hotline number and said sorry
positive,Virgin America,@VirginAmerica has flight number 276 from SFO to Cabo San Lucas arrived yet?
negative,Virgin America,@VirginAmerica @ChrysiChrysic your assistance yesterday when u Cancelled Flightled our flight was to give us a hotel hotline  Shame on you!
negative,Virgin America,@VirginAmerica Another delayed flight? #likingyoulessandless
negative,Virgin America,@VirginAmerica I need to register a service dog for a first class ticket from SFO &gt; Dulles. The phone queue is an hour or longer. Pls advise
positive,Virgin America,@virginamerica you ROCK for making it so I can watch #Oscars on my flight!! #redcarpet #oscars #oscars2015
positive,Virgin America,"@VirginAmerica, @reallytallchris dropped a track on you... https://t.co/zv2pt6TRK9"
positive,Virgin America,@VirginAmerica always!!! Xoxo
negative,Virgin America,@VirginAmerica why can't we book seats on your flights when we buy them or even during check in? Creates so much anxiety! #frustrated
negative,Virgin America,@VirginAmerica You'd think paying an extra $100 bucks RT for luggage might afford you hiring an extra hand at @sfo #lame
positive,Virgin America,@VirginAmerica best customer service rep in the world! #irmafromDallas takes the cake!!!
positive,Virgin America,@VirginAmerica Can you find us a flt out of LAX that is sooner than midnight on Monday? That would be great customer service üòÉ
negative,Virgin America,@VirginAmerica please provide status for flight 769.  I cant imagine it's on time as the Web indicates  dude to weather here and/or Dallas
positive,Virgin America,@VirginAmerica you have amazing staff &amp; super helpful as I just ran the @WaltDisneyWorld #PrincessHalf they have spoiled me with comfort!!!
negative,Virgin America,"@VirginAmerica I paid the premium to fly you across the country, you Cancelled Flight my flight and offer no check fee or upgrade love? Sad face :("
negative,Virgin America,@VirginAmerica question: is it not possible to book a seat for an infant under 2? It's not giving me the option but we want a seat for him.
positive,Virgin America,Always have it together!!! You're welcome! RT @VirginAmerica: @jessicajaymes You're so welcome.
positive,Virgin America,@virginamerica #flight home to #dc #sunset #globe in' #backtowinter back to #work! #refreshed http://t.co/VX9vBCTdLf
negative,Virgin America,.@VirginAmerica I don't understand why you need a DM to give me an answer on if you have a damaged luggage policy.
negative,Virgin America,.@VirginAmerica does that mean you don't have a policy for destroyed luggage?
positive,Virgin America,@VirginAmerica is there special assistance if I travel alone w/2 kids and 1 infant? Priority boarding?
positive,Virgin America,@VirginAmerica thank you for checking in. tickets are purchased and customer is happy ;-)
positive,Virgin America,@VirginAmerica is your website ever coming back online?
positive,Virgin America,"@VirginAmerica  - Is Flight 713 from Love Field to SFO definitely Cancelled Flightled for Monday, February 23?"
positive,Virgin America,@VirginAmerica Is flight 0769 out of LGA to DFW on time?
positive,Virgin America,@VirginAmerica my drivers license is expired by a little over a month. Can I fly Friday morning using my expired license?
negative,Virgin America,@VirginAmerica having problems Flight Booking Problems on the web site. keeps giving me an error and to contact by phone.  phone is 30 minute wait.
negative,Virgin America,@VirginAmerica How do I reschedule my Cancelled Flightled flights online? The change button is greyed out!
negative,Virgin America,"@VirginAmerica I rang, but there is a wait for 35 minutes!! I can book the same ticket through a vendor, fix your site"
negative,Virgin America,"@VirginAmerica got a flight (we were told) for 4:50 today..,checked my email and its for 4;50 TOMORROW. This is unacceptable."
negative,Virgin America,"@VirginAmerica our flight into lga was Cancelled Flighted. We're stuck in Dallas. I called to reschedule, told I could get a flight for today...(1/2)"
negative,Virgin America,@virginamerica why don't any of the pairings include red wine?! Only white is offered :( #redwineisbetter
negative,Virgin America,@VirginAmerica is the website down?
negative,Virgin America,@VirginAmerica - Your site seems a little wonked right now. May want to have a look. Tried on two browsers. No CSS? http://t.co/8qsQMM7KF2
negative,Virgin America,@VirginAmerica I'm disappointed that the agent at the designated silver status check in line @Dulles_Airport closed to assist all pasengers
positive,Virgin America,@VirginAmerica Plans to Include Austin to its Dallas Route - TopNews Arab #Emirates http://t.co/aqZWecOkk2
negative,Virgin America,@VirginAmerica Is it normal to receive no reply from Central Baggage #baggageissues #smh
negative,Virgin America,@VirginAmerica at Logan airport and waiting to checkin for my 9am flight. Checkin desk not open !!!!! Why?!
positive,Virgin America,@VirginAmerica to jump into the Dallas-Austin market - @Dallas_News http://t.co/EwwGi97gdx
positive,Virgin America,"@VirginAmerica Beats EPS Views, Takes On #SouthwestAir VA LUV - Investor's Business Daily http://t.co/FLwmGDAHxu"
positive,Virgin America,@VirginAmerica Lister to my show my on Monday 1230 130
positive,Virgin America,@VirginAmerica to begin Dallas-Austin #flights in April - 88.9 KETR http://t.co/SSUVWwkyHH
negative,Virgin America,"@VirginAmerica congrats, you just got all my business from EWR to SFO/LAX. Fuck you @united fl1289 SFO/EWR was the clincher..."
negative,Virgin America,@VirginAmerica  I applied over 2 weeks ago. Haven't heard back and I'm flying this week #disappointed
positive,Virgin America,@VirginAmerica I'd love to know what your policy is for damaged luggage.
positive,Virgin America,@VirginAmerica Thank you for the follow
negative,Virgin America,@VirginAmerica - too many apologies! You r the worse airlines! Don't even respond to your cudtomers
negative,Virgin America,@VirginAmerica shame on VA for making people spend money in stranded cities when other airlines are landing at JFK! Who will reimburse me?
positive,Virgin America,@VirginAmerica @TTINAC11 I DM you
positive,Virgin America,@VirginAmerica can you please have flights in  SJC ? I have no choice but to fly Southwest to Vegas üò©üò≠
negative,Virgin America,@VirginAmerica too bad you say it takes 10 to 14 days via YOUR confirmation email. When I inquired after 3 weeks you claim 6 to 8 weeks!
negative,Virgin America,@VirginAmerica Flight from BOS &gt; LAS tomorrow was Cancelled Flightled. No notification; wait times are 1+ hour. Will you rebook on another airline?
positive,Virgin America,üòé RT @VirginAmerica: You‚Äôve met your match. Got status on another airline? Upgrade (+restr): http://t.co/RHKaMx9VF5. http://t.co/PYalebgkJt
positive,Virgin America,@VirginAmerica Only way to fly! #Elevate #Gold
positive,Virgin America,@VirginAmerica If only you guys had flights from CMH.
negative,Virgin America,"@VirginAmerica a lot of ""apologies"" being thrown out to customers from what I can see.Very sad. Thanks for nothing. Worst airline ever."
negative,Virgin America,@VirginAmerica  for all my flight stuff wrong and did nothing about it. Had #worst #flight ever
positive,Virgin America,@VirginAmerica Having an issue finding a missing item on a plane. Can you help me find which airport my plane headed to next?
positive,Virgin America,@VirginAmerica you will match my #AmericanAirlines status? Cool!
positive,Virgin America,‚Äú@VirginAmerica:You've met your match.Got status on another airline? Upgrade : http://t.co/H952rDKTqy‚Äù @asarco_ES_ar ? üôâ
negative,Virgin America,@VirginAmerica trying to book a flight with you guys and your website won't let me... about to lose my business
negative,Virgin America,@VirginAmerica you suck!
positive,Virgin America,@VirginAmerica thanks!
negative,Virgin America,@VirginAmerica Just DM'd. Same issue persisting.
negative,Virgin America,@VirginAmerica Because we never rec'd Cancelled Flightlation notice we were left w no options to fly out of PS. Driving to LA for a red eye Mon w kids
negative,Virgin America,@VirginAmerica trying to book a flight &amp; your site is down üòÅ
negative,Virgin America,@VirginAmerica You have any flights flying into Boston tomorrow? I need to be home and you Cancelled Flightled my flight and didn't do anything
negative,Virgin America,@VirginAmerica you stink. Flight Cancelled Flighted from PSP to JFK and no notification or ability to rebook #disappointed.  #expected better
positive,Virgin America,@VirginAmerica I love your guy's song! We're dancing to it for our high school dance revue
negative,Virgin America,@VirginAmerica Your website is down and I'm trying to check in!
positive,Virgin America,"@VirginAmerica done! Thank you for the quick response, apparently faster than sitting on hold ;)"
positive,Virgin America,@VirginAmerica nervous about my flight from DC to LAX getting Cancelled Flightled tomorrow! Just sent you a DM to help me!
positive,Virgin America,@VirginAmerica cool picture of another VirginAmerica plane off our wing. What a site! http://t.co/5B2agFd8c4
positive,Virgin America,@VirginAmerica Keep up the great work :)
positive,Virgin America,@VirginAmerica my goodness your people @love field are amazing under pressure ‚ù§Ô∏èfrom Texas #beatstheothers in crisis Please fly me to NY
positive,Virgin America,@VirginAmerica Thanks for a great flight from LA to Boston! Pilots did a great job landing in the snow. Can we go back to LA now? #seriously
positive,Virgin America,@VirginAmerica can you please get me to the new york area before monday afternoon
positive,Virgin America,"@VirginAmerica Thanks so much for the awesome support, you guys rock!"
negative,Virgin America,@VirginAmerica seats in Row 8 don't recline should mention that on your website #soreback
negative,Virgin America,@VirginAmerica flight 404 delayed 2 hours in LA due to mechanical problems. Handle like pros but you could have tossed us a free drink.
negative,Virgin America,@VirginAmerica why Cancelled Flight flights today? No precipitation to be scared of!  ‚ùÑÔ∏è‚ùÑÔ∏è‚ùÑÔ∏è
positive,Virgin America,@VirginAmerica twitter team. you guys killed it for rescheduling me asap. thank you!
negative,Virgin America,@VirginAmerica You guys charged me $100 to reschedule a flight that was then Cancelled Flighted and are now refusing to refund it. What's the deal?
negative,Virgin America,@VirginAmerica can‚Äôt access your website from Safari on iPhone 6. Seems to work on Mac and iPad. Need iPhone to add Passbook.
positive,Virgin America,"@VirginAmerica on iPad and iPhone, clicking the CHECKIN link in the email I received at 24hrs before flight"
negative,Virgin America,"@VirginAmerica your mobile site is broken, shows 
""{{header.elevateUser.numOfPointsAvailable || '0' | number}} Points"", won't let me checkin"
negative,Virgin America,@VirginAmerica I was really looking forward to my flight. can you let me know when it will be rescheduled? #diehardvirgin
negative,Virgin America,"@VirginAmerica why Cancelled Flight flight VX413? One sec its delayed, on my to airport, the next its Cancelled Flightled?Gonna email or call me to reschedule?"
negative,Virgin America,@VirginAmerica I did it but there was a problem in the link from the email for check-in. thanks
negative,Virgin America,@VirginAmerica had to change to another airline to get to DC today ... Why is @united able to land in DC but not you? Cost me $800 ...ugh
negative,Virgin America,@VirginAmerica I was so looking forward to my first flight with you today but it was Cancelled Flightled along with the subsequent one ...
positive,Virgin America,@VirginAmerica when are you putting some great deals from PDX to LAS or from LAS to PDX show me your love! http://t.co/enIQg0buzj
positive,Virgin America,@VirginAmerica wish I can afford to fly with you next Friday  going back home.. love everything  about your airline
negative,Virgin America,@VirginAmerica  how are you gonna have a deal from Dallas to DC but no deal from DC to Dallas? #sad
positive,Virgin America,"@VirginAmerica it‚Äôs just a bug report, guys"
negative,Virgin America,@VirginAmerica hold times at call center are a bit much
positive,Virgin America,@VirginAmerica Like http://t.co/VPqEm31XUQ
negative,Virgin America,@VirginAmerica Site down? #help
positive,Virgin America,@VirginAmerica You have the best flight attendant ever!!! http://t.co/PxdEL1nq3l
positive,Virgin America,"Awesome! RT @VirginAmerica: Watch nominated films at 35,000 feet. #MeetTheFleet #Oscars http://t.co/DnStITRzWy"
positive,Virgin America,@VirginAmerica thanks so much!
negative,Virgin America,"@VirginAmerica Trying to reset my password, email never arrives. Help?"
positive,Virgin America,"@VirginAmerica, the only airline based in Silicon Valley! #disruption #FCmostinnovative #incubator  @FastCompany's http://t.co/wU3LbCNcr9"
positive,Virgin America,@VirginAmerica Very nicely done. üëè
positive,Virgin America,@VirginAmerica I‚Äôm looking forward to watching the Oscars on my flight home tomorrow. I might even get something bubbly to drink! ;)
negative,Virgin America,@VirginAmerica What is the reason  for the delay of the departure of VX 413 from JFK this afternoon?
negative,Virgin America,"@VirginAmerica is todays flight from Palm Springs, Ca to JFK in NY Cancelled Flightled?"
positive,Virgin America,@VirginAmerica hahaha üòÇ@VirginAmerica YOU GUYS ARE AMAZING. I LOVE YOU GUYS!!!üíó
positive,Virgin America,@VirginAmerica sounds like fun !
positive,Virgin America,@VirginAmerica any updates on flight 413 from Jfk &gt; Lax
positive,Virgin America,@virginamerica spruce moose!
negative,Virgin America,"@VirginAmerica the CSS on your site is a 404 right now, please fix. Site unusable."
negative,Virgin America,"@VirginAmerica We're on flight 910 Vegas to Boston today, checked in online but our bag count didn't register. Can I fix that somehow?"
positive,Virgin America,"@VirginAmerica classiq, luv Virgin America. Greetingz"
negative,Virgin America,"@VirginAmerica Hi, I'm trying to do check-in but the website is not working. I tried 3 different browsers and the problem continues"
positive,Virgin America,@VirginAmerica Thanks for your great customer service today &amp; for helping me get all my travel sorted out!
positive,Virgin America,@VirginAmerica thanks guys! Sweet route over the Rockies #airplanemodewason
positive,Virgin America,@VirginAmerica love the 90s music blasting at gate in #Boston while waiting for flight to #SanFrancisco. Only if I could get an iced coffee!
negative,Virgin America,"@VirginAmerica - the passenger in 7D, Flt 338 that assaulted me shouldn't have flown. I trust he's banned. Crew filed report to @FAANews"
negative,Virgin America,@VirginAmerica current bug on website shows ‚Äòselect departure city‚Äô when selecting destination city http://t.co/SLLYIBE2vQ
negative,Virgin America,@VirginAmerica luggage was severely dented/missing wheel coming off baggage claim in SAN. Luggage agent Miranda (I think) wasn't any help.
positive,Virgin America,"@VirginAmerica thank you for the easy itinerary shift for impending weather. Quick, painless &amp; free."
positive,Virgin America,"@VirginAmerica If you'd love to see more girls be inspired to become pilots, RT our free WOAW event March 2-8 at ABQ. http://t.co/rfXlV1kGDh"
positive,Virgin America,@VirginAmerica Thanks! Good times there and back! #Vodkatonics the entire flightüç∏#sfo
positive,Virgin America,"@VirginAmerica beats expectations, shares take off - Santa Cruz Sentinel http://t.co/qm9dQbai6G"
positive,Virgin America,@VirginAmerica any plans to start flying direct from DAL to LAS?
positive,Virgin America,@VirginAmerica BIG Love/gratitude.mpower w/ http://t.co/1AGR9knCpf weRin #OSCARS2105 VIPswagbags@ #AvalonHollywood http://t.co/ybMbGs0dHn
positive,Virgin America,"@VirginAmerica, you're doing a great job adding little luxuries/aesthetics that improve the air travel experience. Thank you. Keep it up!"
negative,Virgin America,@VirginAmerica requested window seat and confirmed window but got stuck in middle seat. Not a good way to treat silver memberüòí
positive,Virgin America,@VirginAmerica Grand Budapest Hotel #OscarsCountdown
positive,Virgin America,@VirginAmerica This is what you missed @NewsVP. Next trip to the 407.
negative,Virgin America,@VirginAmerica #wtf I paid for direct flight on purpose not to have to stop for fuel exhausted frequent flier and nothing for inconvenience!
negative,Virgin America,@VirginAmerica there is something wrong with you website in Safari iPhone
positive,Virgin America,@VirginAmerica thanks for gate checking my baggage on your full flight dfw-lax 883 and giving me early boarding too #sweet
negative,Virgin America,@VirginAmerica Already checked in so the page expired :X
negative,Virgin America,@VirginAmerica Boo for a not refunding a seat upgrade fee I did not want to buy in the first place!
positive,Virgin America,@VirginAmerica shares rise on Q4 financial results - USA TODAY http://t.co/lFS4PEFE6y
positive,Virgin America,@VirginAmerica Adds Pillows Instead of Lie-Flat Seats in First Class Arms Race http://t.co/rGYwJBbhm4
positive,Virgin America,@VirginAmerica I see what you did there ;)
positive,Virgin America,@VirginAmerica way to take advantage of #MayweatherPacquiao :)
positive,Virgin America,@VirginAmerica you know I'm flying virgin for the fight #MayweatherPacquiao
positive,Virgin America,@VirginAmerica your inflight team makes the experience #amazing!
positive,Virgin America,@VirginAmerica cutest salt and pepper shaker ever. Just when I think you guys can't get any better you just do! http://t.co/vC6Keulg2J
negative,Virgin America,"@VirginAmerica moved my seat with no notice. ""Better seat"" is cabin select not behind the row I selectedüëé #DISAPPOINTED"
positive,Virgin America,@VirginAmerica shares up on 4Q results - @iol http://t.co/XZ6qeG3nef
positive,Virgin America,@VirginAmerica fav airline
positive,Virgin America,@VirginAmerica we have a hot female pilot! Sweet! DCA to SFO! :-)
positive,Virgin America,üëçüëç‚úàÔ∏è‚úàÔ∏èüíó When are you guys going to start flying to Paris? @VirginAmerica: @LizaUtter You're welcome.‚Äù
positive,Virgin America,@VirginAmerica what is your policy on flying after surgery?  I am still waiting for answer so I can tell me doctor.
negative,Virgin America,@VirginAmerica already contacted Central Baggage &amp; sent DM. @RenttheRunway is charging me for the dress that was in the lost suitcase #help
positive,Virgin America,@VirginAmerica Thank you!!
negative,Virgin America,@VirginAmerica Is there anything going on with the website? I've been getting a lot of errors past 30 minutes.
positive,Virgin America,@VirginAmerica I think i left something on the plane yesterday. who do i call...ah!
positive,Virgin America,@VirginAmerica I need you to follow back in order to DM.
positive,Virgin America,@VirginAmerica Need to start flying to @KCIAirport .  üòäüòÄüòÉüòÑ
positive,Virgin America,@VirginAmerica they told to check with the airline regulation first so that is why I contacted you.
negative,Virgin America,@VirginAmerica @VirginAtlantic I have just checked in flight to SFO from LAX &amp; been told as Atlantic Flying Club Gold I get no benefits?!
negative,Virgin America,@VirginAmerica husband and I ordered three drinks via my screen and they never came. Awesome!
negative,Virgin America,@VirginAmerica soooo are you guys going to leave the seatbelt light on all flight? You can barely call this turbulence :-)
positive,Virgin America,@VirginAmerica what is your policy on flying after surgery?
positive,Virgin America,@VirginAmerica posts second consecutive full-year net profit - @ATWOnline http://t.co/tvB5zbzVhg
negative,Virgin America,"@VirginAmerica Funny story, your website is broken, you have missing javascript and stylesheets on the checkin process. I dislike this!"
positive,Virgin America,@VirginAmerica would love to do more for virgin just like I do for @GoPro
positive,Virgin America,@VirginAmerica Results Handily Exceed Forecasts - @NYTimes http://t.co/gonmRwEM6I
positive,Virgin America,"@VirginAmerica I applied for a position in @flyLAXairport ,and I was wondering if you guys received my application."
positive,Virgin America,@VirginAmerica achieves a second year of profitability despite revenue pressure ... - @CAPA_Aviation http://t.co/zSuZTNAIJq
positive,Virgin America,"@VirginAmerica gives positive outlook, but sees increased competition - @Reuters http://t.co/jEu7Od3eYJ"
negative,Virgin America,@VirginAmerica I'm trying to check into my 10:50AM CT flight tmm on the desktop website and it's not working (some sort of caching bug) SOS
positive,Virgin America,@VirginAmerica weather delays &gt; next few weeks ;) #JFK #BOS #DCA
positive,Virgin America,@VirginAmerica @madbee95 check the website before you go to the airport!
negative,Virgin America,@VirginAmerica Do you guys know your check-in links from emails are broken? http://t.co/2npXB6oBMr
positive,Virgin America,@VirginAmerica pilot says we expect a choppy landing in NYC due to some gusty winds w/a temperature of about 5 degrees &amp; w/the windchill -8
positive,Virgin America,@VirginAmerica loved it. Can't wait for Monday's return flight... Mostly just to watch the inflight safety video again. #sorrynotsorry
negative,Virgin America,"@VirginAmerica lost my luggage 4 days ago on flight VX 112 from LAX to IAD &amp; I'm calling every day, no response.Please give me back my stuff"
negative,Virgin America,@VirginAmerica The Flight Booking Problems section of your website seems to be broken on Chrome. Might wanna look into that.
positive,Virgin America,@VirginAmerica Hi! Just wanted to see if you have any new routes planned this year for Newark. Love flying you guys and hope to do so more!
positive,Virgin America,"@VirginAmerica I mean. Probably inappropriate while on board.. But, it's on!"
positive,Virgin America,@VirginAmerica happy to spend the day together. Let's do this!
positive,Virgin America,@VirginAmerica is saving my sanity right now: http://t.co/ELtBOLjUl9
positive,Virgin America,@VirginAmerica missed my flight. How does standby work?
positive,Virgin America,.@VirginAmerica They were very understanding and helped me out.  Thx! #Comps
positive,Virgin America,@VirginAmerica brought it all the way across the country today I see http://t.co/TKaUyGcPmS
positive,Virgin America,@VirginAmerica thank you! I absolutely will üòé
negative,Virgin America,@virginamerica Looks like a broken link for your assets https://t.co/OArDjjGrrD
positive,Virgin America,@VirginAmerica are you ready!? Let's say it together.. 'Noooo turbulence today!' üòò
negative,Virgin America,@virginamerica the manage itinerary section of your website seems to be broken for me https://t.co/2pUJvCElNg
negative,Virgin America,"@VirginAmerica can't check in, your site looks like this every time it loads http://t.co/kAcY2AwDbW"
positive,Virgin America,@VirginAmerica can u help this üë∏ @FreyaBevan_Fund needs urgent treatment inüá∫üá∏2y old battling cancer could u help with flights üíó#freyasfund
positive,Virgin America,@virginamerica may start service to Hawaii from #SanFrancisco this year http://t.co/yPo7nYpRZl #biztravel
negative,Virgin America,@virginAmerica Other carriers are less than half price for a round trip fare. I am stunned. http://t.co/UKdjjijroW
negative,Virgin America,@VirginAmerica WTF is happening in PDX Late Flight March such that one way from SFO is ~$550?
positive,Virgin America,@VirginAmerica add DTW and I'm sold!
positive,Virgin America,@VirginAmerica How about some free drinks on the flight back for the free promo?
positive,Virgin America,@VirginAmerica @SSal thanks!
positive,Virgin America,@VirginAmerica momma I made it! üòÅüòÅüòÅ
positive,Virgin America,@VirginAmerica please contact me about portfolio left on flight VX 27 from JFK to SFO tonite seat 7AM. Need it returned. Call 914-329-0185.
positive,Virgin America,@VirginAmerica help. I was On  Flight  27 from JKF tonight. seat 7C left portfolio. Need it back!!
positive,Virgin America,@VirginAmerica @shrinerack Seattle bound. Wifey got me the duffle for vday. She's a keeper!!! Holla!!! http://t.co/JlOIbLnair
negative,Virgin America,"@VirginAmerica my luggage is gone. I've filed my paperwork, promised a call/email. Still no resolution or response from central luggage."
positive,Virgin America,@VirginAmerica Debbie Baldwin gave a #rockstar performance of the safety demo this evening on VX919 #LAS2SFO #BestCrew #SheRocks
positive,Virgin America,@VirginAmerica Thanks!
positive,Virgin America,@VirginAmerica thanks for taking care of @SuuperG on her flight!! #rockstars #travel
positive,Virgin America,@VirginAmerica Thanks for the lovely soft views! #travel #SAN to #SFO http://t.co/CnctL7G1ef
negative,Virgin America,@VirginAmerica I requested a mileage challenge for status several weeks ago online but haven't heard back. How do I get help with this?
negative,Virgin America,"@VirginAmerica Just trying to book tickets to NYC and facing super fun broken styling. Don't worry, I'll keep trying :)"
positive,Virgin America,"@VirginAmerica Many Thanks for the Follow.
#ourprincess #freyasfund #USA #Bandie 
Looking for Any Helpüòç
üíóüá¨üáßüíóüá∫üá∏üíó
üéÄüåèüéÄ http://t.co/UJfS9Zi6kd"
positive,Virgin America,"@VirginAmerica Nice, Lofty View @flyLAXairport. #SilverStatus http://t.co/F4Tp0dAwbd"
negative,Virgin America,@VirginAmerica Applied for Status Match on Feb 1. Got confirmation email same day. Still no news though. You guys have dropped ball Late Flightly üò•
positive,Virgin America,@VirginAmerica is my new go to airline
positive,Virgin America,"@VirginAmerica @VirginAtlantic @GMA @AmericanAir 
Can You Help #ourprincess in need of some help in #USA 
üéÄüá¨üáßüéÄüá∫üá∏üéÄ http://t.co/778AzTDaer"
positive,Virgin America,"@VirginAmerica I adore you, and am so looking forward to my flight to Austin in two weeks."
positive,Virgin America,@VirginAmerica I was so glad it was mentioned. I took my first virgin flight a few years back and it was a transformative experience.
positive,Virgin America,@VirginAmerica Flight Booking Problems flight to uphold my status match.  Do taxes on ticket count as earned status points?  #statusmatch #virginamerica
negative,Virgin America,@VirginAmerica trying to check-in...but looks like your site is down?
negative,Virgin America,"@VirginAmerica spending my birthday night with you, DAL-DCA. Get me home!"
negative,Virgin America,@VirginAmerica Sent a couple messages to the email you provided but to no avail. Will try again next year. Cheers.
positive,Virgin America,"@VirginAmerica first time flying Virgin, went to #SanFrancisco .Thanks for the smooth ride. Easily my new fav airline!"
negative,Virgin America,"@VirginAmerica seriously, though. will there not be direct flights from SFO-FLL in may???"
negative,Virgin America,@VirginAmerica It's fine. Already done with my purchase. But you should try it. Just go most of the way through then go back 3
negative,Virgin America,"@virginamerica not really the experience I was hoping 4, I ws forced 2 check in a small carry on, w/ nothing but empty cabin space on board"
negative,Virgin America,"@VirginAmerica
wjere is our luggage #so slow at lax"
positive,Virgin America,@VirginAmerica to jump into the #Dallas #Austin market http://t.co/SzR0pioA21
negative,Virgin America,"@VirginAmerica I spoke with a representative that offered no solution, I am a loyal customer who flies on @VirginAtlantic as well"
negative,Virgin America,@VirginAmerica I am deeply disappointed that your birthday promo was not applied to a trip I booked mere days before I received the email
negative,Virgin America,"@VirginAmerica what happened to direct flights from SFO-FLL? Looking in May, only see connecting #help #dontdothistome"
positive,Virgin America,@virginamerica.. Can you help? Left my blazer in. Kooples jacket bag at 3rd row second seat from right gate 36 T3 lax.. Flight to sfo
positive,Virgin America,@VirginAmerica partners with @Visa Checkout as mobile payment method to help boost mobile conversion rates #etailwest #payments #visa
positive,Virgin America,"@VirginAmerica just promoting the product is all, had a problem with southwest and recommend noneother than the best! http://t.co/tFaNXBh1Cf"
positive,Virgin America,"@VirginAmerica love you guys, but pls get some direct routes LAS to AUS!"
positive,Virgin America,@VirginAmerica i would like help with some flights please.
positive,Virgin America,Bruh ‚Äú@VirginAmerica: @giannilee Turn down for what. #VXSafetyDance‚Äù
positive,Virgin America,@VirginAmerica of course! I work for @VirginAtlantic and I'm obsessed with the entire Virgin family!!
positive,Virgin America,@VirginAmerica ok! first time flying with you tonight :)
positive,Virgin America,@virginamerica Digging the swanky pink mood lighting during the flight from NYC to SFO.  Just needs a cabaret singer.  Think about it!
positive,Virgin America,"@VirginAmerica Done, but I need the receipt ASAP. Could you please help? #150219-000114"
negative,Virgin America,"@VirginAmerica I have 2d and 3d embossed badges and patches superior to the ones you are currently using. 
http://t.co/3fq3XElbOn"
negative,Virgin America,@VirginAmerica on VX399 from JFK to LA - dirty plane - not up to your standards.
negative,Virgin America,@VirginAmerica on flight VX399 headed to LA from JFK - dirtiest VA plane I have ever been on. Sad for a great airline.
positive,Virgin America,@VirginAmerica got it squared away. Someone picked up as soon as I tweeted. Should have tweeted sooner. üòâ
negative,Virgin America,@VirginAmerica your Avis rental continue button doesn't work on your website to book car. Tried 4 times on phone.  This sucks!
negative,Virgin America,@VirginAmerica delayed to10.30!!
negative,Virgin America,@VirginAmerica currently in minute 10 of being on hold with cust. service. Do I need to do anything to add a lap child to my reservation?
positive,Virgin America,"@VirginAmerica Adds Pillows Instead of Lie-Flat Seats in First Class Arms Race 
http://t.co/SfjDuahx9Z by @skift"
positive,Virgin America,‚Äú@VirginAmerica: @KarinSLee Of course. Have fun celebrating!‚Äù Thanks! Happy Chinese New Year!
positive,Virgin America,@VirginAmerica  Flight Booking Problems last second flight for next week from SFO- to SAN any chance you want to gift me a promo code since I love you guys
negative,Virgin America,@VirginAmerica Comenity Bank is a joke!  Please change.  Nothing but constant problems with this bank
positive,Virgin America,"@VirginAmerica I just did, how can I DM? Do u have to also add me?"
positive,Virgin America,"@VirginAmerica For my Grandma Ella's 80th, she would &lt;3 a bday greeting from your flight crew! She was a stewardess for Eastern Airlines."
positive,Virgin America,@VirginAmerica Just bought tix for ATX - Dallas route - thanks for adding that! Love yr airline &amp; yr website is BEST transactional site EVER
positive,Virgin America,"@VirginAmerica Anytime, sugafly."
positive,Virgin America,@VirginAmerica gave a credit for my Late Flight flight yesterday. Great service !!!! That's a Wow moment! Unexpected gesture!
positive,Virgin America,@VirginAmerica I need a receipt for a flight change. Can you send one?
negative,Virgin America,"@VirginAmerica, I submitted a status match request a while back and still haven‚Äôt heard! I‚Äôm flying on Monday. Can you look / accelerate?"
positive,Virgin America,@VirginAmerica had me at their safety video . . . http://t.co/CqMm7nuE9m  LOVED my first cross country flight. #livewelltraveled #sytycd
positive,Virgin America,@VirginAmerica that doesn't look to fat to me! It looks yummy!
positive,Virgin America,"@VirginAmerica CEO says #Southwest &amp; #jetblue have strayed from low cost model.
http://t.co/96Sctomh29"
positive,Virgin America,@VirginAmerica a brilliant brisk am in Boston in cue for vx363 http://t.co/rMZNIVGmg6
positive,Virgin America,@VirginAmerica Atlantic ploughs a lone furrow in the #MiddleEast http://t.co/FVUdmh27pF @TheNationalUAE
positive,Virgin America,@VirginAmerica Atlantic ploughs a lone furrow in the #MiddleEast http://t.co/DCoBoKN7EE @TheNationalUAE
positive,Virgin America,@VirginAmerica Atlantic ploughs a lone furrow in the #MiddleEast http://t.co/vw4P4T4tLh @TheNationalUAE
positive,Virgin America,@VirginAmerica omg omgüòçüòç nonstop Dallas to Austin on virgin‚ú®üò±‚úàÔ∏è
positive,Virgin America,@VirginAmerica Your planes are really pretty. Just thought u should know that. :)
positive,Virgin America,@VirginAmerica when are you flying to hawaii
negative,Virgin America,@VirginAmerica I'm pulling my hair out trying to book a flight with u. Your site doesn't work on iPhone or iPad.don't have a computer #help
positive,Virgin America,@VirginAmerica thank you
negative,Virgin America,@VirginAmerica Can I get some help with a support ticket? It's been 15 days.... Incident: 150202-000419 Thank you!
positive,Virgin America,@VirginAmerica good to be home #texas #moodlighting http://t.co/N3BVZTY3zI
negative,Virgin America,@VirginAmerica I cannot even open my laptop in seat 4C and I paid a premium for this?!!   Let me out of here!
negative,Virgin America,@VirginAmerica I am in seat 4C and I cannot even open my laptop; and I paid extra for this seat!!
positive,Virgin America,.@VirginAmerica If only you guys were starting those flights at the end of the month! Guess I‚Äôm still road tripping on Feb 27‚Ä¶
positive,Virgin America,"@VirginAmerica thanks for that. Been needing a way to make those Austin trips from DCA, and now you've come through!"
positive,Virgin America,"@VirginAmerica announced New Route to Austin w/fares from $39/way. 
http://t.co/gA8pbamu0C"
positive,Virgin America,@VirginAmerica Really? Sprint? I thought you guys were 'kewl'! 0_0
positive,Virgin America,@VirginAmerica this is too cool!  Never been on ur planes but now I will!!
positive,Virgin America,@VirginAmerica you should have 39 dollar LAX-Las fares!!!
positive,Virgin America,@VirginAmerica great. Well deserved.
negative,Virgin America,@VirginAmerica FYI the info@virginamerica.com email address you say to contact in password reset emails doesn't exist. Emails bounce.
negative,Virgin America,@VirginAmerica Status match - 2 weeks have gone by and no news.Flt next week - hope flt will count towards requirement.  Cust Svc no help!!!
negative,Virgin America,@VirginAmerica your website sucks donkey dicks. Just thought you should know. All best.
positive,Virgin America,@VirginAmerica You should still develop an app - then you will be my favorite airline.
negative,Virgin America,@VirginAmerica all crap channels which is why I pay to watch UK tv
positive,Virgin America,@VirginAmerica got it. All set - Thanks!
positive,Virgin America,@VirginAmerica no A's channel this year?
positive,Virgin America,@VirginAmerica Only thing I see on passbook is Virgin Mobile Mexico. How do I integrate?
positive,Virgin America,@VirginAmerica Giants and Virgin America. A match made in heaven.
positive,Virgin America,"@VirginAmerica thank goodness!! Also, see you friday, nwk&gt;sf.. BOOM!"
negative,Virgin America,@VirginAmerica how come you don't have an iPhone app? Still using and making me waste paper.
negative,Virgin America,@VirginAmerica Your back of seat entertainment system does not accept credit cards that  have an apostrophe in the surname. #apostrophefail
negative,Virgin America,@VirginAmerica When will VX use all 6 LGA slots instead of 4 today? Adding AUS makes this less likely :(
positive,Virgin America,@VirginAmerica is helping me step up my @Tinder game! #TinderTips #tinderchamp http://t.co/jBmVVha63A
positive,Virgin America,@VirginAmerica I luv ur people and product! 1 thing is y do u charge for herbal tea but not black tea? I'm not a caffeine drinker
positive,Virgin America,@VirginAmerica thank you! See y'all soon! I'm excited to see the expansion of destinations. Spread those wings!
positive,Virgin America,"@VirginAmerica announces new nonstop connecting @AUStinAirport &amp; @DallasLoveField, $39 intro: http://t.co/qXnOaQtYN8 http://t.co/JK7qmdfqgf"
positive,Virgin America,@VirginAmerica adds Austin-Dallas Love Field route. http://t.co/XWJoL55FLH http://t.co/Y8AOrMfkaC
negative,Virgin America,@VirginAmerica sad to learn you no longer fly SFO &gt; PHL. Hope it returns!
positive,Virgin America,"@VirginAmerica - can you tweet me the Cancelled Flight/chng fee for a flight? or can I rebook under one of your affiliates? If so, who are afiliates?"
positive,Virgin America,@VirginAmerica has the most INCREDIBLE customer service I've ever experienced! So refreshing!
positive,Virgin America,"@VirginAmerica Now, when will we see VirginAmerica come to Philadelphia (PHL)."
positive,Virgin America,"@VirginAmerica , am I dreaming? Did you really just open up a route between Dallas and Austin?! And does this mean Houston might be next?"
positive,Virgin America,@VirginAmerica OMG FINALLY
positive,Virgin America,@VirginAmerica to start 5xweekly #A319 flights from to #Dallas @DallasLoveField #Austin on 28APR #avgeek
positive,Virgin America,@VirginAmerica Nice to see you expanding in Texas but don't forget about us here in #SanDiego. I would love to see more flights out of here!
negative,Virgin America,@VirginAmerica kinda sucked my earphone jack didn't work on my flight. They may want to look into that for future passengers
negative,Virgin America,@VirginAmerica Very poor experience. First computer problem now seat malfunction. Stuck. Missing meeting in San Diego.
positive,Virgin America,"@VirginAmerica to battle @SouthwestAir on @DallasLoveField-@AUStinAirport route 
http://t.co/6RLz0EBk2X via @usatoday"
positive,Virgin America,@VirginAmerica #thankyou the DAL-AUS route makes my day!!!!
positive,Virgin America,@virginamerica awesome deals DAL-AUS for only $39 each way! https://t.co/xCVQXYkg49
positive,Virgin America,@VirginAmerica I miss the #nerdbird in San Jose
positive,Virgin America,"@VirginAmerica love it, taking @SouthwestAir on in their backyard! Consumers win when biz competes."
positive,Virgin America,@VirginAmerica ‚Äã is flying from Love to Austin now. That is most excellent news.
positive,Virgin America,@VirginAmerica can we make every VX plane with #nerdbird? Why should Austin be the only one getting nerd love?
positive,Virgin America,@VirginAmerica please add more frequency to PDX Portland
positive,Virgin America,@VirginAmerica Congrats VX on the new route! ‚úàÔ∏èüéâ
negative,Virgin America,"@VirginAmerica I tried that. You offered to charge me an additional $1k for a new ticket or be stranded until Thurs. 1st time, last time."
positive,Virgin America,@VirginAmerica @AmericanAir can u help with flights to get a 2y old battling cancer who needs treatment in üá∫üá∏ @FreyaBevan_Fund üíó üéÄ üíó
negative,Virgin America,"@VirginAmerica Never had a bad experience before, but this one took the cake. Now extortion for carry on items as well?"
negative,Virgin America,@VirginAmerica Had to spend 5 hours worrying that items in carryon would be broken/stolen since I couldn't carry them on plane or lock bag.
negative,Virgin America,"@VirginAmerica All of group E was told there was no more room in the bins. when I got on the plane, was room for at least 4 bags in my row!"
negative,Virgin America,@VirginAmerica Thanks for making my flight from LAX to JFK a nightmare by forcing me to check my carry on bag at the gate. (1)
negative,Virgin America,@VirginAmerica I have lots of flights to book and your site it not working!!!! I've been on the phone waiting for over 10 minutes..........
positive,Virgin America,@VirginAmerica I am all about the in flight artisanal cheese and wine pairing.
positive,Virgin America,@VirginAmerica does Virgin America fly direct from Seattle to NYC or Boston?
positive,Virgin America,@VirginAmerica That's classy.
positive,Virgin America,@VirginAmerica I'm sure a lot of your 747 and 777 JFK-LHR flights go a lot faster than 513mph with a strong tailwind.
positive,Virgin America,@VirginAmerica now it's just t-minus 32 minutes until my Elevate a Silver upgrade window opens . #FreeNeverSucks üòÉüëç
positive,Virgin America,@VirginAmerica save some for 871 tomorrow AM!
negative,Virgin America,@VirginAmerica Why is it taking 12 years to fly home to Dallas? Get your shit together.
positive,Virgin America,@VirginAmerica @JezzieGoldz club Virgin is bumping in New York http://t.co/HaQc7GDg7c
positive,Virgin America,@VirginAmerica @JezzieGoldz would have been a rough trip but LUCKILY we were on a #virginamerica flight. #weather
positive,Virgin America,@VirginAmerica is that #thestarter??üòÅ
positive,Virgin America,@VirginAmerica ...Please come to Minneapolis St. Paul!
positive,Virgin America,@VirginAmerica YES FYI  MY BFF
positive,Virgin America,"@VirginAmerica another perfect flight.   How come on your planes,  the sun visors can stay down?  Other carriers make you raise them?"
positive,Virgin America,"Nice RT @VirginAmerica: The man of steel might be faster, but we have WiFi ‚Äì just saying. #ScienceBehindTheExperience http://t.co/FGRbpAZSiX"
positive,Virgin America,@VirginAmerica I love the dancing little richard. cool beans.
positive,Virgin America,@VirginAmerica I don‚Äôt use Passbook =/ I still love you though &lt;3 :) I‚Äôll just use my email in the future.
positive,Virgin America,@VirginAmerica thanks for the free birthday points! y'all are ALL RIGHT with me!
positive,Virgin America,@VirginAmerica do you have an application for iOS? Was looking and only saw Virgin Mexico :( &lt;/3
negative,Virgin America,@VirginAmerica Man of steel flies to more cities though...and with more frequency too.
positive,Virgin America,@VirginAmerica thanks so much for sharing. Just added it to my site http://t.co/TsviBTvT8h
positive,Virgin America,@VirginAmerica Good point!
positive,Virgin America,.@VirginAmerica I heard he has a virgin mobile hotspot ;)
positive,Virgin America,@VirginAmerica you got cheese pLate Flights too.
positive,Virgin America,@VirginAmerica On all your flights?
positive,Virgin America,@VirginAmerica Dad on Segway is the best part of this whole infographic!
positive,Virgin America,@VirginAmerica Are there any plans for a short haul airline in Europe? Would defiantly fly with you guys :)
positive,Virgin America,@VirginAmerica wifi AND better seating.
positive,Virgin America,@VirginAmerica how come ABC is the only one of the network channels you don't have?
negative,Virgin America,@VirginAmerica started my flight with a scolding for using an overhead bin that was then offered to the person seated next to me.
positive,Virgin America,".@VirginAmerica not only was it great, but you return my calls the day after. Couldn't ask for more. #myVXexperience"
negative,Virgin America,"@VirginAmerica While other airlines weren't Cancelled Flighting flights into BOS, and helping their customers get home, Virgin was saying Good luck!"
positive,Virgin America,"@VirginAmerica Dear Virgin customer, while you're stranded in SF for 3 days &amp; $1000cost- we'll do the very least we can to accommodate you!"
positive,Virgin America,@VirginAmerica should use this in their next airline commercial lol :: http://t.co/pXEXIlSjBs
negative,Virgin America,@VirginAmerica Grouping Virgin in with the others now. BOS weather has exposed their actual Cus Serv model. Never Flight Booking Problems with Virgin again!
negative,Virgin America,"@VirginAmerica As one of the travelers affected by the Boston storm, I'm shocked at Virgin's complete apathy toward their customers."
negative,Virgin America,@VirginAmerica Umm so no reason as to why this is? Is there someone different I should contact (or contact me) to get a definitive answer?
negative,Virgin America,@virginamerica Trying to make the change in advance (not just 24 hours prior)‚Ä¶tried it online earlier and it wanted $300 in change fees.
positive,Virgin America,"@VirginAmerica so loyal that I'm driving to #NYC from #PA, to fly Virgin,  since you cut #Philly flights ;)"
positive,Virgin America,@virginamerica Any way to change from Main Cabin to Main Cabin Select (on same flight) without paying a change fee penalty?
positive,Virgin America,@VirginAmerica you guys are perfect as always! &lt;3 #WeRVirgin
positive,Virgin America,@VirginAmerica thanks! Y'all have some of the best customer service left in the industry.
positive,Virgin America,@VirginAmerica Can you give me Silver Status for 12 months?
positive,Virgin America,@VirginAmerica really wish you'd fly out of #Fargo @fargoairport those fares are amazings
negative,Virgin America,"@VirginAmerica mood lighting on pointüôå Reclining my seat, kickin up my feetüí§"
negative,Virgin America,@VirginAmerica my flight (6000) scheduled for 1pm departure still says on time but no plane at gate. Any update on how long of a delay?
negative,Virgin America,@VirginAmerica my group got their Cancelled Flightlation fees waived but I can't because my ticket is booked for 2/18? Your reps were no help either üò°
positive,Virgin America,@VirginAmerica Are there any sign up bonuses to enroll in Elevate?
positive,Virgin America,@VirginAmerica just got on the 1pm in Newark home to LA. Your folks at EWR are incredible #letsgohome
positive,Virgin America,@VirginAmerica morning. If I have a question regarding elevate points &amp; flights can I DM you?
positive,Virgin America,@VirginAmerica still waiting to see  @Starryeyes_Dev_  üòû
positive,Virgin America,@VirginAmerica was wondering if you guys recieved my dm and we're able to potentially respond asap
positive,Virgin America,@VirginAmerica Flying LAX to SFO and after looking at the awesome movie lineup I actually wish I was on a long haul.
positive,Virgin America,‚Äú@VirginAmerica: Book out of town with fares from $59/way (+restr). http://t.co/xRdTOV7nl8 http://t.co/4Y78byAckc‚Äù @JenniferDawnPro
positive,United,@united thanks
positive,United,@united Thanks for taking care of that MR!! Happy customer.
negative,United,@united still no refund or word via DM. Please resolve this issue as your Cancelled Flightled flight was useless to my assistant's trip.
negative,United,@united Delayed due to lack of crew and now delayed again because there's a long line for deicing... Still need to improve service #united
positive,United,@united thanks -- we filled it out. How's our luck with this? Is it common?
negative,United,@united Your ERI-ORD express connections are hugely popular .. now if only we could have an ERI-EWR hop! :)
positive,United,@united even on international flight Glasgow to the U.S.? Then what about orlando to Newark? All 90 mins?
negative,United,@united you think you boarded flight AU1066 too early? I think so.
positive,United,"@united I understand, but it's tough when there is no way to get to the airport w/o serious risk of an accident. It's a steep price."
negative,United,"@united Gate agent hooked me up with alternate flights. If you have a way to PREVENT the constant issues, that would rock."
positive,United,@united flying gla-mco in a few weeks. How long do we have to be at airport for before departure for both international and domestic? Ta
positive,United,@united thanks
positive,United,@united Thanks. It is on the same ticket.
positive,United,@united why not? Is it a law or a policy?
negative,United,@united is the worst. Nonrefundable First class tickets? Oh because when you select Global/FC their system auto selects economy w/upgrade.
negative,United,@united @CheerTymeDad So I can buy tix 3 days before flight but can't transfer the tix.  Flawed security logic. Flawed customer service
negative,United,"@united I did start a claim but 8-10 weeks is unrealistic, am I really supposed to go that long with out a car seat for my child.Ridiculous!"
positive,United,@united follow me please this airline is beautifull ‚ô•
positive,United,"@united no I don't, but I'm sure United have my info on its system."
negative,United,"@united if the car seat is lost @united should just reimburse me for a new one, this is not a pair of shoes, it's a necessity for my child"
positive,United,@united Just submitted my response on the link you sent.
positive,United,"@united yes, David Allan send an email with this number (KMM24999563V99860L0KM) and case#8719519"
negative,United,@united @highbuddyyy that totally sucks my cousin worked at PHL said @united
positive,United,@united just wanted to let you know how wonderful Rosetta the gate agent was working flight 6457 Dan to Ase. Let her know she wasappreciated
positive,United,"@united yes, a paper voucher that I got on January 26th 2015"
